<?xml version="1.0" encoding="UTF-8" ?>
<extension type="template" version="4.0" method="upgrade">
  <name>newtralize</name>
  <version>0.0.8</version>
  <creationDate>2023-12-08</creationDate>
  <author>newtjam</author>
  <authorEmail>joomla@newtjam.com</authorEmail>
  <authorUrl>https://newtjam.com</authorUrl>
  <copyright>Copyright (C) 2023 newtjam. All rights reserved.</copyright>
  <license>GNU General Public License version 2 or later</license>
  <description>newtralize is a clean and minimal template designed to neutralize Joomla and stay out of your way.</description>
  <updateservers>
    <server type="extension" name="newtralize Updates">https://raw.githubusercontent.com/itsnewtjam/newtralize/master/dist/update.xml</server>
  </updateservers>
  <files>
    <folder>css</folder>
    <folder>fonts</folder>
    <folder>heads</folder>
    <folder>html</folder>
    <folder>js</folder>
    <filename>error.php</filename>
    <filename>index.php</filename>
    <filename>template_thumbnail.png</filename>
    <filename>templateDetails.xml</filename>
  </files>
  <positions>
    <position>navbar</position>
    <position>navigation</position>
    <position>above-body</position>
    <position>left-body</position>
    <position>main-body-top</position>
    <position>main-body-bottom</position>
    <position>right-body</position>
    <position>below-body</position>
    <position>footer</position>
    <position>alert-bar</position>
  </positions>
  <languages folder="language">
    <language tag="en-GB">en-GB/en-GB.tpl_newtralize.ini</language>
    <language tag="en-GB">en-GB/en-GB.tpl_newtralize.sys.ini</language>
  </languages>
  <config>
    <fields name="params">
      <fieldset name="JOOMLA_SETTINGS">
        <field name="logo" type="media" label="TPL_NEWTRALIZE_LOGO_LABEL" description="TPL_NEWTRALIZE_LOGO_DESC" />
        <field name="sitetitle"  type="text" default="" label="JGLOBAL_TITLE" description="JFIELD_ALT_PAGE_TITLE_LABEL" filter="safehtml" />
      </fieldset>
      
      <fieldset name="CACHE_SETTINGS">
        <field name="nocacheheaders" type="radio" class="btn-group btn-group-yesno" default="0" label="TPL_NEWTRALIZE_NOCACHEHEADERS_LABEL" description="TPL_NEWTRALIZE_NOCACHEHEADERS_DESC">
          <option value="0">TPL_NEWTRALIZE_NO</option>
          <option value="1">TPL_NEWTRALIZE_YES</option>
        </field>
        <field name="uncachecss" type="radio" class="btn-group btn-group-yesno" default="0" label="TPL_NEWTRALIZE_UNCACHECSS_LABEL" description="TPL_NEWTRALIZE_UNCACHECSS_DESC">
          <option value="0">TPL_NEWTRALIZE_NO</option>
          <option value="1">TPL_NEWTRALIZE_YES</option>
        </field>
        <field name="uncachejs" type="radio" class="btn-group btn-group-yesno" default="0" label="TPL_NEWTRALIZE_UNCACHEJS_LABEL" description="TPL_NEWTRALIZE_UNCACHEJS_DESC">
          <option value="0">TPL_NEWTRALIZE_NO</option>
          <option value="1">TPL_NEWTRALIZE_YES</option>
        </field>
      </fieldset>

      <fieldset name="CSS_SETTINGS">
        <field name="killjoomlacss" type="radio" class="btn-group btn-group-yesno" default="0" label="TPL_NEWTRALIZE_KILLJOOMLACSS_LABEL" description="TPL_NEWTRALIZE_KILLJOOMLACSS_DESC">
          <option value="0">TPL_NEWTRALIZE_NO</option>
          <option value="1">TPL_NEWTRALIZE_YES</option>
        </field>
      </fieldset>
      
      <fieldset name="JAVASCRIPT_SETTINGS">
        <field name="killjoomlajs" type="radio" class="btn-group btn-group-yesno" default="0" label="TPL_NEWTRALIZE_KILLJOOMLAJS_LABEL" description="TPL_NEWTRALIZE_KILLJOOMLAJS_DESC">
          <option value="0">TPL_NEWTRALIZE_NO</option>
          <option value="1">TPL_NEWTRALIZE_YES</option>
        </field>
        <field name="instant" type="radio" class="btn-group btn-group-yesno" default="0" label="TPL_NEWTRALIZE_INSTANT_LABEL" description="TPL_NEWTRALIZE_INSTANT_DESC">
          <option value="0">TPL_NEWTRALIZE_NO</option>
          <option value="1">TPL_NEWTRALIZE_YES</option>
        </field>
      </fieldset>
      
      <fieldset name="TRACKING_SETTINGS">
        <field name="googleSetup" type="list" default="gtm" label="TPL_NEWTRALIZE_GOOGLESETUP_LABEL" description="TPL_NEWTRALIZE_GOOGLESETUP_DESC">
          <option value="gtm">Google Tag Manager</option>
          <option value="ga">Google Analytics</option>
          <option value="ga-gtm">Google Analytics with GTM Conversions</option>
        </field>
        <field name="gtmcode"  type="text" default="" label="TPL_NEWTRALIZE_GTM_LABEL" description="TPL_NEWTRALIZE_GTM_DESC" filter="string" showon="googleSetup:gtm" />
        <field name="gacode"  type="text" default="" label="TPL_NEWTRALIZE_GA_LABEL" description="TPL_NEWTRALIZE_GA_DESC" filter="string" showon="googleSetup:ga[OR]googleSetup:ga-gtm" />
        <field name="gagtmcode"  type="text" default="" label="TPL_NEWTRALIZE_GAGTM_LABEL" description="TPL_NEWTRALIZE_GAGTM_DESC" filter="string" showon="googleSetup:ga-gtm" />
        <field name="fbcode"  type="text" default="" label="TPL_NEWTRALIZE_FB_LABEL" description="TPL_NEWTRALIZE_FB_DESC" filter="string" />
      </fieldset>
      
      <fieldset name="ICON_SETTINGS">
        <field name="fontawesomecdn" type="text" label="TPL_NEWTRALIZE_FONTAWESOMECDN_LABEL" description="TPL_NEWTRALIZE_FONTAWESOMECDN_DESC" />
      </fieldset>

      <fieldset name="LAYOUT_SETTINGS">
        <field name="navTime" type="number" default="250" min="0" label="TPL_NEWTRALIZE_NAVTIME_LABEL" description="TPL_NEWTRALIZE_NAVTIME_DESC" filter="string" />
        <field name="containerNormal" type="number" default="64" min="0" label="TPL_NEWTRALIZE_CONTAINERNORMAL_LABEL" description="TPL_NEWTRALIZE_CONTAINERNORMAL_DESC" filter="string" />
        <field name="containerNarrow" type="number" default="40" min="0" label="TPL_NEWTRALIZE_CONTAINERNARROW_LABEL" description="TPL_NEWTRALIZE_CONTAINERNARROW_DESC" filter="string" />
        <field name="containerWide" type="number" default="75" min="0" label="TPL_NEWTRALIZE_CONTAINERWIDE_LABEL" description="TPL_NEWTRALIZE_CONTAINERWIDE_DESC" filter="string" />
        <field name="bannerSize" type="radio" class="btn-group" default="normal" label="TPL_NEWTRALIZE_BANNERSIZE_LABEL" description="TPL_NEWTRALIZE_BANNERSIZE_DESC" showon="banner:1">
          <option value="narrow">TPL_NEWTRALIZE_SIZE_NARROW</option>
          <option value="normal">TPL_NEWTRALIZE_SIZE_NORMAL</option>
          <option value="wide">TPL_NEWTRALIZE_SIZE_WIDE</option>
          <option value="full">TPL_NEWTRALIZE_SIZE_FULL</option>
        </field>
        <field name="topmenuSize" type="radio" class="btn-group" default="normal" label="TPL_NEWTRALIZE_TOPMENUSIZE_LABEL" description="TPL_NEWTRALIZE_TOPMENUSIZE_DESC" showon="topmenu:1">
          <option value="narrow">TPL_NEWTRALIZE_SIZE_NARROW</option>
          <option value="normal">TPL_NEWTRALIZE_SIZE_NORMAL</option>
          <option value="wide">TPL_NEWTRALIZE_SIZE_WIDE</option>
          <option value="full">TPL_NEWTRALIZE_SIZE_FULL</option>
        </field>
        <field name="abovebodySize" type="radio" class="btn-group" default="normal" label="TPL_NEWTRALIZE_ABOVEBODYSIZE_LABEL" description="TPL_NEWTRALIZE_ABOVEBODYSIZE_DESC" showon="abovebody:1">
          <option value="narrow">TPL_NEWTRALIZE_SIZE_NARROW</option>
          <option value="normal">TPL_NEWTRALIZE_SIZE_NORMAL</option>
          <option value="wide">TPL_NEWTRALIZE_SIZE_WIDE</option>
          <option value="full">TPL_NEWTRALIZE_SIZE_FULL</option>
        </field>
        <field name="mainbodySize" type="radio" class="btn-group" default="normal" label="TPL_NEWTRALIZE_MAINBODYSIZE_LABEL" description="TPL_NEWTRALIZE_MAINBODYSIZE_DESC" showon="mainbody:1">
          <option value="narrow">TPL_NEWTRALIZE_SIZE_NARROW</option>
          <option value="normal">TPL_NEWTRALIZE_SIZE_NORMAL</option>
          <option value="wide">TPL_NEWTRALIZE_SIZE_WIDE</option>
          <option value="full">TPL_NEWTRALIZE_SIZE_FULL</option>
        </field>
        <field name="belowbodySize" type="radio" class="btn-group" default="normal" label="TPL_NEWTRALIZE_BELOWBODYSIZE_LABEL" description="TPL_NEWTRALIZE_BELOWBODYSIZE_DESC" showon="belowbody:1">
          <option value="narrow">TPL_NEWTRALIZE_SIZE_NARROW</option>
          <option value="normal">TPL_NEWTRALIZE_SIZE_NORMAL</option>
          <option value="wide">TPL_NEWTRALIZE_SIZE_WIDE</option>
          <option value="full">TPL_NEWTRALIZE_SIZE_FULL</option>
        </field>
        <field name="footerSize" type="radio" class="btn-group" default="normal" label="TPL_NEWTRALIZE_FOOTERSIZE_LABEL" description="TPL_NEWTRALIZE_FOOTERSIZE_DESC" showon="footer:1">
          <option value="narrow">TPL_NEWTRALIZE_SIZE_NARROW</option>
          <option value="normal">TPL_NEWTRALIZE_SIZE_NORMAL</option>
          <option value="wide">TPL_NEWTRALIZE_SIZE_WIDE</option>
          <option value="full">TPL_NEWTRALIZE_SIZE_FULL</option>
        </field>
      </fieldset>

      <fieldset name="MODULE_SETTINGS">
        <field name="banner" type="radio" class="btn-group btn-group-yesno" default="1" label="TPL_NEWTRALIZE_BANNER_LABEL" description="TPL_NEWTRALIZE_BANNER_DESC">
          <option value="0">TPL_NEWTRALIZE_DISABLED</option>
          <option value="1">TPL_NEWTRALIZE_ENABLED</option>
        </field>
        <field name="topmenu" type="radio" class="btn-group btn-group-yesno" default="1" label="TPL_NEWTRALIZE_TOPMENU_LABEL" description="TPL_NEWTRALIZE_TOPMENU_DESC">
          <option value="0">TPL_NEWTRALIZE_DISABLED</option>
          <option value="1">TPL_NEWTRALIZE_ENABLED</option>
        </field>
        <field name="abovebody" type="radio" class="btn-group btn-group-yesno" default="1" label="TPL_NEWTRALIZE_ABOVEBODY_LABEL" description="TPL_NEWTRALIZE_ABOVEBODY_DESC">
          <option value="0">TPL_NEWTRALIZE_DISABLED</option>
          <option value="1">TPL_NEWTRALIZE_ENABLED</option>
        </field>
        <field name="leftbody" type="radio" class="btn-group btn-group-yesno" default="1" label="TPL_NEWTRALIZE_LEFTBODY_LABEL" description="TPL_NEWTRALIZE_LEFTBODY_DESC">
          <option value="0">TPL_NEWTRALIZE_DISABLED</option>
          <option value="1">TPL_NEWTRALIZE_ENABLED</option>
        </field>
        <field name="mainbodytop" type="radio" class="btn-group btn-group-yesno" default="1" label="TPL_NEWTRALIZE_MAINBODYTOP_LABEL" description="TPL_NEWTRALIZE_MAINBODYTOP_DESC">
          <option value="0">TPL_NEWTRALIZE_DISABLED</option>
          <option value="1">TPL_NEWTRALIZE_ENABLED</option>
        </field>
        <field name="mainbodybottom" type="radio" class="btn-group btn-group-yesno" default="1" label="TPL_NEWTRALIZE_MAINBODYBOTTOM_LABEL" description="TPL_NEWTRALIZE_MAINBODYBOTTOM_DESC">
          <option value="0">TPL_NEWTRALIZE_DISABLED</option>
          <option value="1">TPL_NEWTRALIZE_ENABLED</option>
        </field>
        <field name="rightbody" type="radio" class="btn-group btn-group-yesno" default="1" label="TPL_NEWTRALIZE_RIGHTBODY_LABEL" description="TPL_NEWTRALIZE_RIGHTBODY_DESC">
          <option value="0">TPL_NEWTRALIZE_DISABLED</option>
          <option value="1">TPL_NEWTRALIZE_ENABLED</option>
        </field>
        <field name="belowbody" type="radio" class="btn-group btn-group-yesno" default="1" label="TPL_NEWTRALIZE_BELOWBODY_LABEL" description="TPL_NEWTRALIZE_BELOWBODY_DESC">
          <option value="0">TPL_NEWTRALIZE_DISABLED</option>
          <option value="1">TPL_NEWTRALIZE_ENABLED</option>
        </field>
        <field name="footer" type="radio" class="btn-group btn-group-yesno" default="1" label="TPL_NEWTRALIZE_FOOTER_LABEL" description="TPL_NEWTRALIZE_FOOTER_DESC">
          <option value="0">TPL_NEWTRALIZE_DISABLED</option>
          <option value="1">TPL_NEWTRALIZE_ENABLED</option>
        </field>
        <field name="copyright" type="radio" class="btn-group btn-group-yesno" default="1" label="TPL_NEWTRALIZE_COPYRIGHT_LABEL" description="TPL_NEWTRALIZE_COPYRIGHT_DESC">
          <option value="0">TPL_NEWTRALIZE_DISABLED</option>
          <option value="1">TPL_NEWTRALIZE_ENABLED</option>
        </field>
        <field name="copyrighttxt" type="text" default="" label="TPL_NEWTRALIZE_COPYRIGHTTXT_LABEL" description="TPL_NEWTRALIZE_COPYRIGHTTXT_DESC" filter="string" />
      </fieldset>
      
      <fieldset name="CUSTOM_CODE">
        <field name="codeafterhead" type="textarea" label="TPL_NEWTRALIZE_CODEAFTERHEAD_LABEL" description="TPL_NEWTRALIZE_CODEAFTERHEAD_DESC" rows="4" columns="30" filter="raw" default="" />
        <field name="codebeforehead" type="textarea" label="TPL_NEWTRALIZE_CODEBEFOREHEAD_LABEL" description="TPL_NEWTRALIZE_CODEBEFOREHEAD_DESC" rows="4" columns="30" filter="raw" default="" />
        <field name="codeafterbody" type="textarea" label="TPL_NEWTRALIZE_CODEAFTERBODY_LABEL" description="TPL_NEWTRALIZE_CODEAFTERBODY_DESC" rows="4" columns="30" filter="raw" default="" />
        <field name="codebeforebody" type="textarea" label="TPL_NEWTRALIZE_CODEBEFOREBODY_LABEL" description="TPL_NEWTRALIZE_CODEBEFOREBODY_DESC" rows="4" columns="30" filter="raw" default="" />
      </fieldset>
		</fields>
  </config>
</extension>
